Battery Power* [uW] (Delta),Battery Power* [uW] (Raw),CPU Load (Normalized) [%],CPU1 Frequency [kHz],CPU2 Frequency [kHz],CPU3 Frequency [kHz],CPU4 Frequency [kHz],CPU5 Frequency [kHz],CPU6 Frequency [kHz],CPU7 Frequency [kHz],CPU8 Frequency [kHz],GPU Load [%],Memory Usage [KB],Mobile Data State,Wi-Fi State
59292.89361702128,110233.94680851063,0.0,1237982.6086956523,1277426.0869565217,1293913.0434782607,1308521.7391304346,1328347.8260869565,1336486.9565217393,1256765.2173913042,1267200.0,4.0434782608695645,5313244.808510639,0.0,3.0
