Battery Power* [uW] (Delta),Battery Power* [uW] (Raw),CPU Load (Normalized) [%],CPU1 Frequency [kHz],CPU2 Frequency [kHz],CPU3 Frequency [kHz],CPU4 Frequency [kHz],CPU5 Frequency [kHz],CPU6 Frequency [kHz],CPU7 Frequency [kHz],CPU8 Frequency [kHz],GPU Load [%],Memory Usage [KB],Mobile Data State,Wi-Fi State
56262.172987974096,150891.33765032378,0.0,1456662.6950354609,1450739.290780142,1447058.1560283687,1460043.6632747455,1453853.8390379278,1463538.2053654024,1592303.4227567068,1592303.4227567068,9.042316784869977,5408265.173913044,0.0,3.0
