Battery Power* [uW] (Delta),Battery Power* [uW] (Raw),CPU Load (Normalized) [%],CPU1 Frequency [kHz],CPU2 Frequency [kHz],CPU3 Frequency [kHz],CPU4 Frequency [kHz],CPU5 Frequency [kHz],CPU6 Frequency [kHz],CPU7 Frequency [kHz],CPU8 Frequency [kHz],GPU Load [%],Memory Usage [KB],Mobile Data State,Wi-Fi State
94827.48936170212,99187.58510638299,0.0,1235389.4542090655,1275290.286771508,1269784.2738205367,1266840.3330249768,1265645.8834412582,1272950.2312673451,1314547.2710453286,1314547.2710453286,6.0638297872340425,5338745.14893617,0.0,3.0
