Battery Power* [uW] (Delta),Battery Power* [uW] (Raw),CPU Load (Normalized) [%],CPU1 Frequency [kHz],CPU2 Frequency [kHz],CPU3 Frequency [kHz],CPU4 Frequency [kHz],CPU5 Frequency [kHz],CPU6 Frequency [kHz],CPU7 Frequency [kHz],CPU8 Frequency [kHz],GPU Load [%],Memory Usage [KB],Mobile Data State,Wi-Fi State
70411.56382978724,119091.5,0.0,1387302.1276595744,1400170.2127659575,1402212.7659574468,1404868.085106383,1409810.1757631823,1413149.3061979648,1660839.9629972246,1660631.2673450508,5.180851063829787,5363549.829787234,0.0,3.0
