Battery Power* [uW] (Delta),Battery Power* [uW] (Raw),CPU Load (Normalized) [%],CPU1 Frequency [kHz],CPU2 Frequency [kHz],CPU3 Frequency [kHz],CPU4 Frequency [kHz],CPU5 Frequency [kHz],CPU6 Frequency [kHz],CPU7 Frequency [kHz],CPU8 Frequency [kHz],GPU Load [%],Memory Usage [KB],Mobile Data State,Wi-Fi State
54262.71276595745,102953.01364477335,0.0,1249438.865248227,1287457.5886524823,1309222.1276595746,1309328.6956521738,1321799.420289855,1332350.1449275361,1164906.6666666665,1174720.0,2.6858156028368794,5367417.965772433,0.0,3.0
