Battery Power* [uW] (Delta),Battery Power* [uW] (Raw),CPU Load (Normalized) [%],CPU1 Frequency [kHz],CPU2 Frequency [kHz],CPU3 Frequency [kHz],CPU4 Frequency [kHz],CPU5 Frequency [kHz],CPU6 Frequency [kHz],CPU7 Frequency [kHz],CPU8 Frequency [kHz],GPU Load [%],Memory Usage [KB],Mobile Data State,Wi-Fi State
26095.85106382979,69521.24468085106,0.0,1475131.914893617,1479829.7872340425,1477787.2340425532,1476765.9574468085,1505770.2127659575,1508425.5319148935,2155506.3829787234,2156323.4042553194,3.074468085106383,5430809.023049645,0.0,3.0
