Battery Power* [uW] (Delta),Battery Power* [uW] (Raw),CPU Load (Normalized) [%],CPU1 Frequency [kHz],CPU2 Frequency [kHz],CPU3 Frequency [kHz],CPU4 Frequency [kHz],CPU5 Frequency [kHz],CPU6 Frequency [kHz],CPU7 Frequency [kHz],CPU8 Frequency [kHz],GPU Load [%],Memory Usage [KB],Mobile Data State,Wi-Fi State
231029.48381128584,270152.7335800185,0.0,1399330.9898242368,1392208.6956521738,1407652.1739130435,1423513.0434782607,1439373.9130434783,1447513.0434782607,1647234.7826086958,1643478.2608695652,15.820074005550415,5392632.563367253,0.0,3.0
