Battery Power* [uW] (Delta),Battery Power* [uW] (Raw),CPU Load (Normalized) [%],CPU1 Frequency [kHz],CPU2 Frequency [kHz],CPU3 Frequency [kHz],CPU4 Frequency [kHz],CPU5 Frequency [kHz],CPU6 Frequency [kHz],CPU7 Frequency [kHz],CPU8 Frequency [kHz],GPU Load [%],Memory Usage [KB],Mobile Data State,Wi-Fi State
56113.710638297875,71597.45721040189,0.0,1413315.1773049645,1426727.9432624113,1435247.6595744682,1442564.6376811594,1455086.3768115942,1458309.5652173914,1771965.2173913042,1772605.2173913042,4.231914893617022,5438812.790543735,0.0,3.0
