Battery Power* [uW] (Delta),Battery Power* [uW] (Raw),CPU Load (Normalized) [%],CPU1 Frequency [kHz],CPU2 Frequency [kHz],CPU3 Frequency [kHz],CPU4 Frequency [kHz],CPU5 Frequency [kHz],CPU6 Frequency [kHz],CPU7 Frequency [kHz],CPU8 Frequency [kHz],GPU Load [%],Memory Usage [KB],Mobile Data State,Wi-Fi State
78280.34111933396,102049.08580018501,0.0,1202921.7391304348,1211060.8695652173,1215860.8695652173,1229217.391304348,1239026.0869565217,1239026.0869565217,1153043.4782608696,1144486.9565217393,3.5434782608695654,5339311.957446808,0.0,3.0
