Battery Power* [uW] (Delta),Battery Power* [uW] (Raw),CPU Load (Normalized) [%],CPU1 Frequency [kHz],CPU2 Frequency [kHz],CPU3 Frequency [kHz],CPU4 Frequency [kHz],CPU5 Frequency [kHz],CPU6 Frequency [kHz],CPU7 Frequency [kHz],CPU8 Frequency [kHz],GPU Load [%],Memory Usage [KB],Mobile Data State,Wi-Fi State
802230.4817193676,966249.3404150198,0.0,1319525.6916996047,1327797.628458498,1355193.6758893281,1383452.9644268774,1383215.8102766797,1387936.9696969697,1641265.4545454546,1642409.696969697,42.75494071146245,5324742.586868687,0.0,3.0
