Battery Power* [uW] (Delta),Battery Power* [uW] (Raw),Battery Remaining (%) [%],CPU Load [%],CPU1 Frequency [kHz],CPU2 Frequency [kHz],CPU3 Frequency [kHz],CPU4 Frequency [kHz],CPU5 Frequency [kHz],CPU6 Frequency [kHz],GPU Frequency [KHz],GPU Load [%],Memory Usage [KB],Mobile Data State,Wi-Fi State
194475.64444444445,207914.64444444445,31.0,0.0,1390933.3333333333,1405866.6666666667,1405866.6666666667,1428906.6666666667,1428906.6666666667,1443840.0,354000.0,6.511111111111111,5317642.133333334,5.0638297872340425,1.0
