Battery Power* [uW] (Delta),Battery Power* [uW] (Raw),CPU Load (Normalized) [%],CPU1 Frequency [kHz],CPU2 Frequency [kHz],CPU3 Frequency [kHz],CPU4 Frequency [kHz],CPU5 Frequency [kHz],CPU6 Frequency [kHz],CPU7 Frequency [kHz],CPU8 Frequency [kHz],GPU Load [%],Memory Usage [KB],Mobile Data State,Wi-Fi State
7140.956521739131,93491.96739130435,0.0,1196660.8695652173,1223373.9130434783,1223373.9130434783,1225878.2608695652,1237194.2028985508,1250921.7391304348,976454.4927536233,976454.4927536233,5.782608695652174,5422646.4964539,0.0,3.0
