Battery Power* [uW] (Delta),Battery Power* [uW] (Raw),CPU Load (Normalized) [%],CPU1 Frequency [kHz],CPU2 Frequency [kHz],CPU3 Frequency [kHz],CPU4 Frequency [kHz],CPU5 Frequency [kHz],CPU6 Frequency [kHz],CPU7 Frequency [kHz],CPU8 Frequency [kHz],GPU Load [%],Memory Usage [KB],Mobile Data State,Wi-Fi State
68052.30193236715,143245.05700483092,0.0,1492795.1515151516,1501522.4242424243,1514443.6363636362,1518589.0909090908,1537570.9090909092,1544552.7272727273,1602671.5151515151,1608431.5151515151,8.718181818181819,5384110.532367149,0.0,3.0
