Battery Power* [uW] (Delta),Battery Power* [uW] (Raw),CPU Load (Normalized) [%],CPU1 Frequency [kHz],CPU2 Frequency [kHz],CPU3 Frequency [kHz],CPU4 Frequency [kHz],CPU5 Frequency [kHz],CPU6 Frequency [kHz],CPU7 Frequency [kHz],CPU8 Frequency [kHz],GPU Load [%],Memory Usage [KB],Mobile Data State,Wi-Fi State
99683.52173913043,155631.39130434784,0.0,1380939.1304347827,1396591.3043478262,1407860.8695652173,1409947.8260869565,1419339.1304347827,1424556.5217391304,1556452.1739130435,1558539.1304347827,4.880434782608695,5418976.936170213,0.0,3.0
