Battery Power* [uW] (Delta),Battery Power* [uW] (Raw),CPU Load (Normalized) [%],CPU1 Frequency [kHz],CPU2 Frequency [kHz],CPU3 Frequency [kHz],CPU4 Frequency [kHz],CPU5 Frequency [kHz],CPU6 Frequency [kHz],CPU7 Frequency [kHz],CPU8 Frequency [kHz],GPU Load [%],Memory Usage [KB],Mobile Data State,Wi-Fi State
84421.24208037824,101578.00803782506,0.0,1217855.072463768,1238311.884057971,1247536.231884058,1252183.1884057971,1246984.347826087,1257864.347826087,1295174.492753623,1290054.492753623,5.468085106382979,5297592.607770583,0.0,3.0
