Battery Power* [uW] (Delta),Battery Power* [uW] (Raw),CPU Load (Normalized) [%],CPU1 Frequency [kHz],CPU2 Frequency [kHz],CPU3 Frequency [kHz],CPU4 Frequency [kHz],CPU5 Frequency [kHz],CPU6 Frequency [kHz],CPU7 Frequency [kHz],CPU8 Frequency [kHz],GPU Load [%],Memory Usage [KB],Mobile Data State,Wi-Fi State
34508.244680851065,74921.51063829787,0.0,1220607.5855689177,1241139.6854764107,1273509.713228492,1273509.713228492,1285765.0323774284,1285765.0323774284,1111402.0351526365,1108746.7160037002,2.884828862164662,5424296.661231884,0.0,3.0
