Battery Power* [uW] (Delta),Battery Power* [uW] (Raw),Battery Remaining (%) [%],CPU Load [%],CPU1 Frequency [kHz],CPU2 Frequency [kHz],CPU3 Frequency [kHz],CPU4 Frequency [kHz],CPU5 Frequency [kHz],CPU6 Frequency [kHz],GPU Frequency [KHz],GPU Load [%],Memory Usage [KB],Mobile Data State,Wi-Fi State
80781.34042553192,95078.36170212766,23.0,0.0,1464208.6956521738,1472139.1304347827,1472139.1304347827,1482573.9130434783,1488417.391304348,1479652.1739130435,268521.73913043475,5.021739130434782,5414398.468085106,6.0,1.0
