Battery Power* [uW] (Delta),Battery Power* [uW] (Raw),CPU Load (Normalized) [%],CPU1 Frequency [kHz],CPU2 Frequency [kHz],CPU3 Frequency [kHz],CPU4 Frequency [kHz],CPU5 Frequency [kHz],CPU6 Frequency [kHz],CPU7 Frequency [kHz],CPU8 Frequency [kHz],GPU Load [%],Memory Usage [KB],Mobile Data State,Wi-Fi State
36750.50971322849,65305.264107308045,0.0,1330643.4782608696,1342428.1221091582,1332810.3607770582,1341184.8288621646,1348489.1766882516,1353790.6382978724,1856744.3971631206,1875997.6811594204,3.9944495837187786,5437286.034227567,0.0,3.0
