Battery Power* [uW] (Delta),Battery Power* [uW] (Raw),CPU Load (Normalized) [%],CPU1 Frequency [kHz],CPU2 Frequency [kHz],CPU3 Frequency [kHz],CPU4 Frequency [kHz],CPU5 Frequency [kHz],CPU6 Frequency [kHz],CPU7 Frequency [kHz],CPU8 Frequency [kHz],GPU Load [%],Memory Usage [KB],Mobile Data State,Wi-Fi State
5836.333333333333,69941.19370567377,0.0,1238195.7446808512,1238195.7446808512,1243302.1276595746,1245957.4468085107,1263319.1489361702,1277617.0212765958,1038434.0425531914,1043131.914893617,4.25531914893617,5361731.560283688,0.0,3.0
