Battery Power* [uW] (Delta),Battery Power* [uW] (Raw),CPU Load (Normalized) [%],CPU1 Frequency [kHz],CPU2 Frequency [kHz],CPU3 Frequency [kHz],CPU4 Frequency [kHz],CPU5 Frequency [kHz],CPU6 Frequency [kHz],CPU7 Frequency [kHz],CPU8 Frequency [kHz],GPU Load [%],Memory Usage [KB],Mobile Data State,Wi-Fi State
20225.815217391304,94039.90217391305,0.0,1605857.3913043477,1599749.5652173914,1604016.231884058,1601331.0144927534,1596322.3188405796,1613059.7101449275,2073029.5652173914,2068730.4347826086,5.867632850241545,5413705.521739131,0.0,3.0
