Battery Power* [uW] (Delta),Battery Power* [uW] (Raw),CPU Load (Normalized) [%],CPU1 Frequency [kHz],CPU2 Frequency [kHz],CPU3 Frequency [kHz],CPU4 Frequency [kHz],CPU5 Frequency [kHz],CPU6 Frequency [kHz],CPU7 Frequency [kHz],CPU8 Frequency [kHz],GPU Load [%],Memory Usage [KB],Mobile Data State,Wi-Fi State
51249.48985650668,113937.04477981197,0.0,1361917.4666006928,1374647.7981197427,1380675.705096487,1386257.100445324,1399623.9485403267,1406772.8847105394,1386164.7969052223,1386164.7969052223,5.01830776843147,5340993.747582205,0.0,3.0
