Battery Power* [uW] (Delta),Battery Power* [uW] (Raw),CPU Load (Normalized) [%],CPU1 Frequency [kHz],CPU2 Frequency [kHz],CPU3 Frequency [kHz],CPU4 Frequency [kHz],CPU5 Frequency [kHz],CPU6 Frequency [kHz],CPU7 Frequency [kHz],CPU8 Frequency [kHz],GPU Load [%],Memory Usage [KB],Mobile Data State,Wi-Fi State
856214.7526595744,1027920.8348646034,0.0,1256499.604743083,1259390.8998988876,1271800.790513834,1271800.790513834,1263841.8972332017,1268461.6600790513,1679829.249011858,1678159.6837944663,43.13142292490119,5345299.52901354,0.0,3.0
