Battery Power* [uW] (Delta),Battery Power* [uW] (Raw),CPU Load (Normalized) [%],CPU1 Frequency [kHz],CPU2 Frequency [kHz],CPU3 Frequency [kHz],CPU4 Frequency [kHz],CPU5 Frequency [kHz],CPU6 Frequency [kHz],CPU7 Frequency [kHz],CPU8 Frequency [kHz],GPU Load [%],Memory Usage [KB],Mobile Data State,Wi-Fi State
32134.392923219242,77609.72687326549,0.0,1315546.345975948,1323991.8593894541,1339644.0333024976,1349856.7992599446,1364980.5735430159,1369065.6799259945,1002596.1147086031,1002596.1147086031,2.370490286771508,5378266.457909344,0.0,3.0
