Battery Power* [uW] (Delta),Battery Power* [uW] (Raw),CPU Load (Normalized) [%],CPU1 Frequency [kHz],CPU2 Frequency [kHz],CPU3 Frequency [kHz],CPU4 Frequency [kHz],CPU5 Frequency [kHz],CPU6 Frequency [kHz],CPU7 Frequency [kHz],CPU8 Frequency [kHz],GPU Load [%],Memory Usage [KB],Mobile Data State,Wi-Fi State
33010.505319148935,77656.0219703978,0.0,1224812.5809435707,1224812.5809435707,1239110.4532839963,1239110.4532839963,1263234.7826086958,1270539.1304347827,1079582.6086956523,1079582.6086956523,4.570074005550417,5393562.340425532,0.0,3.0
