Battery Power* [uW] (Delta),Battery Power* [uW] (Raw),CPU Load (Normalized) [%],CPU1 Frequency [kHz],CPU2 Frequency [kHz],CPU3 Frequency [kHz],CPU4 Frequency [kHz],CPU5 Frequency [kHz],CPU6 Frequency [kHz],CPU7 Frequency [kHz],CPU8 Frequency [kHz],GPU Load [%],Memory Usage [KB],Mobile Data State,Wi-Fi State
80901.3085106383,124481.8404255319,0.0,1312367.0675300648,1327797.2247918593,1344990.1942645698,1359598.8899167436,1364816.2812210915,1375095.652173913,1392626.0869565217,1397634.7826086958,4.740518038852914,5283226.638297873,0.0,3.0
