Battery Power* [uW] (Delta),Battery Power* [uW] (Raw),Battery Remaining (%) [%],CPU Load [%],CPU1 Frequency [kHz],CPU2 Frequency [kHz],CPU3 Frequency [kHz],CPU4 Frequency [kHz],CPU5 Frequency [kHz],CPU6 Frequency [kHz],GPU Frequency [KHz],GPU Load [%],Memory Usage [KB],Mobile Data State,Wi-Fi State
5560.466666666666,103669.91111111111,31.0,0.0,1285120.0,1291093.3333333333,1306026.6666666667,1312426.6666666667,1312426.6666666667,1338026.6666666667,342086.95652173914,4.044444444444444,5347322.577777778,5.913043478260869,1.0
