Battery Power* [uW] (Delta),Battery Power* [uW] (Raw),CPU Load (Normalized) [%],CPU1 Frequency [kHz],CPU2 Frequency [kHz],CPU3 Frequency [kHz],CPU4 Frequency [kHz],CPU5 Frequency [kHz],CPU6 Frequency [kHz],CPU7 Frequency [kHz],CPU8 Frequency [kHz],GPU Load [%],Memory Usage [KB],Mobile Data State,Wi-Fi State
90544.87729468598,116214.25652173912,0.0,1459408.6956521738,1471095.652173913,1464000.0,1469217.3913043477,1478608.6956521738,1486747.8260869565,1731965.2173913042,1735304.347826087,3.597826086956522,5368958.94751773,0.0,3.0
