Battery Power* [uW] (Delta),Battery Power* [uW] (Raw),CPU Load (Normalized) [%],CPU1 Frequency [kHz],CPU2 Frequency [kHz],CPU3 Frequency [kHz],CPU4 Frequency [kHz],CPU5 Frequency [kHz],CPU6 Frequency [kHz],CPU7 Frequency [kHz],CPU8 Frequency [kHz],GPU Load [%],Memory Usage [KB],Mobile Data State,Wi-Fi State
58639.07706855792,106194.8671394799,0.0,1439271.884057971,1442685.2173913042,1454070.7246376812,1468540.2898550725,1473660.2898550725,1479633.6231884058,1673210.4347826086,1673210.4347826086,4.542270531400966,5387270.194799054,0.0,3.0
