Battery Power* [uW] (Delta),Battery Power* [uW] (Raw),CPU Load (Normalized) [%],CPU1 Frequency [kHz],CPU2 Frequency [kHz],CPU3 Frequency [kHz],CPU4 Frequency [kHz],CPU5 Frequency [kHz],CPU6 Frequency [kHz],CPU7 Frequency [kHz],CPU8 Frequency [kHz],GPU Load [%],Memory Usage [KB],Mobile Data State,Wi-Fi State
2099.9333333333334,92658.8497584541,0.0,1328950.7246376812,1326868.4057971016,1324308.4057971016,1335244.2687747036,1341296.442687747,1349756.2862669246,1641586.0735009671,1644854.1586073502,4.1036231884057965,5318651.513043478,0.0,3.0
