Battery Power* [uW] (Delta),Battery Power* [uW] (Raw),Battery Remaining (%) [%],CPU Load [%],CPU1 Frequency [kHz],CPU2 Frequency [kHz],CPU3 Frequency [kHz],CPU4 Frequency [kHz],CPU5 Frequency [kHz],CPU6 Frequency [kHz],GPU Frequency [KHz],GPU Load [%],Memory Usage [KB],Mobile Data State,Wi-Fi State
58402.78723404255,132897.02127659574,11.0,0.0,1476357.4468085107,1476357.4468085107,1472272.3404255318,1494331.914893617,1522226.0869565217,1520556.5217391304,347404.25531914894,5.957446808510638,5445208.595744681,6.0,1.0
