Battery Power* [uW] (Delta),Battery Power* [uW] (Raw),CPU Load (Normalized) [%],CPU1 Frequency [kHz],CPU2 Frequency [kHz],CPU3 Frequency [kHz],CPU4 Frequency [kHz],CPU5 Frequency [kHz],CPU6 Frequency [kHz],CPU7 Frequency [kHz],CPU8 Frequency [kHz],GPU Load [%],Memory Usage [KB],Mobile Data State,Wi-Fi State
29672.91304347826,114673.76086956522,0.0,1573511.9333950046,1564786.679000925,1558454.764107308,1548104.347826087,1545391.3043478262,1549565.2173913044,2059617.3913043477,2065252.1739130435,7.000925069380203,5338290.565217391,0.0,3.0
