Battery Power* [uW] (Delta),Battery Power* [uW] (Raw),CPU Load (Normalized) [%],CPU1 Frequency [kHz],CPU2 Frequency [kHz],CPU3 Frequency [kHz],CPU4 Frequency [kHz],CPU5 Frequency [kHz],CPU6 Frequency [kHz],CPU7 Frequency [kHz],CPU8 Frequency [kHz],GPU Load [%],Memory Usage [KB],Mobile Data State,Wi-Fi State
45238.7125346901,67978.08117483811,0.0,1220008.1406105459,1220008.1406105459,1227157.0767807586,1227157.0767807586,1245730.9898242368,1262817.391304348,853982.6086956521,853982.6086956521,4.121646623496762,5258351.335800186,0.0,3.0
