Battery Power* [uW] (Delta),Battery Power* [uW] (Raw),CPU Load (Normalized) [%],CPU1 Frequency [kHz],CPU2 Frequency [kHz],CPU3 Frequency [kHz],CPU4 Frequency [kHz],CPU5 Frequency [kHz],CPU6 Frequency [kHz],CPU7 Frequency [kHz],CPU8 Frequency [kHz],GPU Load [%],Memory Usage [KB],Mobile Data State,Wi-Fi State
143251.62648221344,273869.9110671937,0.0,1479215.8102766797,1479633.2015810278,1488322.5296442686,1486264.0316205532,1489754.9407114624,1510273.5177865613,1505094.071146245,1514572.295247725,16.51383399209486,5400218.911067193,0.0,3.0
