Battery Power* [uW] (Delta),Battery Power* [uW] (Raw),CPU Load (Normalized) [%],CPU1 Frequency [kHz],CPU2 Frequency [kHz],CPU3 Frequency [kHz],CPU4 Frequency [kHz],CPU5 Frequency [kHz],CPU6 Frequency [kHz],CPU7 Frequency [kHz],CPU8 Frequency [kHz],GPU Load [%],Memory Usage [KB],Mobile Data State,Wi-Fi State
33022.79347826087,82572.26086956522,0.0,1476034.7826086958,1477894.492753623,1489669.5652173914,1480361.7391304348,1470321.15942029,1507167.536231884,2167986.0869565215,2154332.7536231885,2.9021739130434785,5342033.695652174,0.0,3.0
