Battery Power* [uW] (Delta),Battery Power* [uW] (Raw),CPU Load (Normalized) [%],CPU1 Frequency [kHz],CPU2 Frequency [kHz],CPU3 Frequency [kHz],CPU4 Frequency [kHz],CPU5 Frequency [kHz],CPU6 Frequency [kHz],CPU7 Frequency [kHz],CPU8 Frequency [kHz],GPU Load [%],Memory Usage [KB],Mobile Data State,Wi-Fi State
21440.340425531915,89179.41489361702,0.0,1276187.2340425532,1292323.4042553192,1307846.8085106383,1339302.1276595744,1349310.6382978722,1356459.574468085,1127498.2423681775,1120553.5615171138,5.382978723404255,5377485.829787234,0.0,3.0
