Battery Power* [uW] (Delta),Battery Power* [uW] (Raw),CPU Load (Normalized) [%],CPU1 Frequency [kHz],CPU2 Frequency [kHz],CPU3 Frequency [kHz],CPU4 Frequency [kHz],CPU5 Frequency [kHz],CPU6 Frequency [kHz],CPU7 Frequency [kHz],CPU8 Frequency [kHz],GPU Load [%],Memory Usage [KB],Mobile Data State,Wi-Fi State
84205.63367252544,98463.80434782608,0.0,1461704.347826087,1466921.7391304348,1466921.7391304348,1464208.6956521738,1485704.347826087,1498434.7826086956,2170852.1739130435,2169391.304347826,2.5760869565217392,5432366.546716004,0.0,3.0
