Battery Power* [uW] (Delta),Battery Power* [uW] (Raw),CPU Load (Normalized) [%],CPU1 Frequency [kHz],CPU2 Frequency [kHz],CPU3 Frequency [kHz],CPU4 Frequency [kHz],CPU5 Frequency [kHz],CPU6 Frequency [kHz],CPU7 Frequency [kHz],CPU8 Frequency [kHz],GPU Load [%],Memory Usage [KB],Mobile Data State,Wi-Fi State
816178.9144927536,860025.5357487923,0.0,1236256.1264822134,1242637.5757575757,1267146.6666666665,1277934.5454545454,1299054.5454545454,1304387.878787879,1490113.9393939395,1492732.121212121,31.613285024154585,5313918.800966184,0.0,3.0
