Battery Power* [uW] (Delta),Battery Power* [uW] (Raw),CPU Load (Normalized) [%],CPU1 Frequency [kHz],CPU2 Frequency [kHz],CPU3 Frequency [kHz],CPU4 Frequency [kHz],CPU5 Frequency [kHz],CPU6 Frequency [kHz],CPU7 Frequency [kHz],CPU8 Frequency [kHz],GPU Load [%],Memory Usage [KB],Mobile Data State,Wi-Fi State
97073.53654024052,120478.25115633673,0.0,1224417.3913043477,1232347.8260869565,1257182.6086956523,1253217.391304348,1270956.5217391304,1270956.5217391304,968973.9130434783,968973.9130434783,7.391304347826087,5386576.680851064,0.0,3.0
