Battery Power* [uW] (Delta),Battery Power* [uW] (Raw),CPU Load (Normalized) [%],CPU1 Frequency [kHz],CPU2 Frequency [kHz],CPU3 Frequency [kHz],CPU4 Frequency [kHz],CPU5 Frequency [kHz],CPU6 Frequency [kHz],CPU7 Frequency [kHz],CPU8 Frequency [kHz],GPU Load [%],Memory Usage [KB],Mobile Data State,Wi-Fi State
9123.602272727272,67728.53359683795,0.0,1201147.8260869565,1214238.7351778657,1229179.4466403162,1231683.7944664033,1242659.2885375493,1269078.2608695652,927993.6758893281,929663.2411067194,4.059961315280464,5371990.595551062,0.0,3.0
