Battery Power* [uW] (Delta),Battery Power* [uW] (Raw),CPU Load (Normalized) [%],CPU1 Frequency [kHz],CPU2 Frequency [kHz],CPU3 Frequency [kHz],CPU4 Frequency [kHz],CPU5 Frequency [kHz],CPU6 Frequency [kHz],CPU7 Frequency [kHz],CPU8 Frequency [kHz],GPU Load [%],Memory Usage [KB],Mobile Data State,Wi-Fi State
86032.64917257684,118874.2903073286,0.0,1236122.8985507246,1241882.8985507246,1238056.8115942029,1258277.1014492754,1276340.8695652173,1298624.927536232,1308266.6666666665,1308266.6666666665,5.958937198067633,5334884.88037825,0.0,3.0
