Battery Power* [uW] (Delta),Battery Power* [uW] (Raw),CPU Load (Normalized) [%],CPU1 Frequency [kHz],CPU2 Frequency [kHz],CPU3 Frequency [kHz],CPU4 Frequency [kHz],CPU5 Frequency [kHz],CPU6 Frequency [kHz],CPU7 Frequency [kHz],CPU8 Frequency [kHz],GPU Load [%],Memory Usage [KB],Mobile Data State,Wi-Fi State
46424.67021276595,78155.0744680851,0.0,1519788.3441258094,1513283.2562442184,1512448.4736355226,1523478.2608695652,1534614.6160962072,1537678.4458834413,2071641.8131359853,2074643.4782608696,3.085106382978723,5362819.957446808,0.0,3.0
