Battery Power* [uW] (Delta),Battery Power* [uW] (Raw),CPU Load (Normalized) [%],CPU1 Frequency [kHz],CPU2 Frequency [kHz],CPU3 Frequency [kHz],CPU4 Frequency [kHz],CPU5 Frequency [kHz],CPU6 Frequency [kHz],CPU7 Frequency [kHz],CPU8 Frequency [kHz],GPU Load [%],Memory Usage [KB],Mobile Data State,Wi-Fi State
49711.56739130434,98844.22149758454,0.0,1231346.0869565217,1262256.231884058,1278042.8985507246,1269004.0579710144,1282995.9420289856,1302984.347826087,1313530.4347826086,1308730.4347826086,5.971497584541063,5370618.800000001,0.0,3.0
