Battery Power* [uW] (Delta),Battery Power* [uW] (Raw),CPU Load (Normalized) [%],CPU1 Frequency [kHz],CPU2 Frequency [kHz],CPU3 Frequency [kHz],CPU4 Frequency [kHz],CPU5 Frequency [kHz],CPU6 Frequency [kHz],CPU7 Frequency [kHz],CPU8 Frequency [kHz],GPU Load [%],Memory Usage [KB],Mobile Data State,Wi-Fi State
55561.31914893616,88611.97872340426,0.0,1129447.5485661426,1129447.5485661426,1137822.016651249,1152430.7123034229,1161138.2053654024,1173393.5245143385,1043358.3718778908,1043358.3718778908,3.0,5223656.595744681,0.0,3.0
