Battery Power* [uW] (Delta),Battery Power* [uW] (Raw),CPU Load (Normalized) [%],CPU1 Frequency [kHz],CPU2 Frequency [kHz],CPU3 Frequency [kHz],CPU4 Frequency [kHz],CPU5 Frequency [kHz],CPU6 Frequency [kHz],CPU7 Frequency [kHz],CPU8 Frequency [kHz],GPU Load [%],Memory Usage [KB],Mobile Data State,Wi-Fi State
807364.3828502416,848271.7717391304,0.0,1293787.8260869565,1299121.15942029,1299121.15942029,1299121.15942029,1323635.9420289856,1334070.7246376812,1437764.6376811594,1438024.347826087,31.392753623188405,5314332.521739131,0.0,3.0
