Battery Power* [uW] (Delta),Battery Power* [uW] (Raw),CPU Load (Normalized) [%],CPU1 Frequency [kHz],CPU2 Frequency [kHz],CPU3 Frequency [kHz],CPU4 Frequency [kHz],CPU5 Frequency [kHz],CPU6 Frequency [kHz],CPU7 Frequency [kHz],CPU8 Frequency [kHz],GPU Load [%],Memory Usage [KB],Mobile Data State,Wi-Fi State
130354.5980573543,159213.25624421833,0.0,1344772.6179463458,1353955.2266419982,1351868.270120259,1354021.8316373727,1359239.2229417206,1372244.958371878,1533202.5901942644,1520743.0157261794,9.6049953746531,5403644.649822695,0.0,3.0
