Battery Power* [uW] (Delta),Battery Power* [uW] (Raw),CPU Load (Normalized) [%],CPU1 Frequency [kHz],CPU2 Frequency [kHz],CPU3 Frequency [kHz],CPU4 Frequency [kHz],CPU5 Frequency [kHz],CPU6 Frequency [kHz],CPU7 Frequency [kHz],CPU8 Frequency [kHz],GPU Load [%],Memory Usage [KB],Mobile Data State,Wi-Fi State
20064.391304347828,91054.02173913043,0.0,1302052.1739130435,1312069.5652173914,1322504.347826087,1328556.5217391304,1328556.5217391304,1336278.2608695652,1013426.0869565217,1013426.0869565217,3.0434782608695654,5387342.394079556,0.0,3.0
