Battery Power* [uW] (Delta),Battery Power* [uW] (Raw),CPU Load (Normalized) [%],CPU1 Frequency [kHz],CPU2 Frequency [kHz],CPU3 Frequency [kHz],CPU4 Frequency [kHz],CPU5 Frequency [kHz],CPU6 Frequency [kHz],CPU7 Frequency [kHz],CPU8 Frequency [kHz],GPU Load [%],Memory Usage [KB],Mobile Data State,Wi-Fi State
33833.90841813136,68603.15957446808,0.0,1311860.8695652173,1319165.2173913042,1335860.8695652173,1335860.8695652173,1362991.3043478262,1362991.3043478262,1213565.2173913042,1213565.2173913042,3.0434782608695654,5349337.531914894,0.0,3.0
