Battery Power* [uW] (Delta),Battery Power* [uW] (Raw),CPU Load (Normalized) [%],CPU1 Frequency [kHz],CPU2 Frequency [kHz],CPU3 Frequency [kHz],CPU4 Frequency [kHz],CPU5 Frequency [kHz],CPU6 Frequency [kHz],CPU7 Frequency [kHz],CPU8 Frequency [kHz],GPU Load [%],Memory Usage [KB],Mobile Data State,Wi-Fi State
38377.29787234042,86678.91489361702,0.0,1179778.7234042552,1179778.7234042552,1198161.7021276597,1210417.0212765955,1215523.404255319,1221149.3061979648,1120513.598519889,1120513.598519889,2.925531914893617,5396332.808510639,0.0,3.0
