Battery Power* [uW] (Delta),Battery Power* [uW] (Raw),CPU Load (Normalized) [%],CPU1 Frequency [kHz],CPU2 Frequency [kHz],CPU3 Frequency [kHz],CPU4 Frequency [kHz],CPU5 Frequency [kHz],CPU6 Frequency [kHz],CPU7 Frequency [kHz],CPU8 Frequency [kHz],GPU Load [%],Memory Usage [KB],Mobile Data State,Wi-Fi State
56667.107539315446,91738.97247918593,0.0,1271366.8085106383,1296535.6028368794,1315921.7021276597,1323479.1489361702,1340423.2624113476,1345756.5957446808,1143589.219858156,1141546.6666666665,3.047754137115839,5386566.476410731,0.0,3.0
