Battery Power* [uW] (Delta),Battery Power* [uW] (Raw),CPU Load (Normalized) [%],CPU1 Frequency [kHz],CPU2 Frequency [kHz],CPU3 Frequency [kHz],CPU4 Frequency [kHz],CPU5 Frequency [kHz],CPU6 Frequency [kHz],CPU7 Frequency [kHz],CPU8 Frequency [kHz],GPU Load [%],Memory Usage [KB],Mobile Data State,Wi-Fi State
47792.1324110672,109741.6837944664,0.0,1346638.84057971,1354866.0869565217,1375179.1304347827,1378309.5652173914,1370662.0289855073,1374627.2463768115,1466991.3043478262,1454933.3333333335,6.448616600790514,5417316.897233201,0.0,3.0
