Battery Power* [uW] (Delta),Battery Power* [uW] (Raw),CPU Load (Normalized) [%],CPU1 Frequency [kHz],CPU2 Frequency [kHz],CPU3 Frequency [kHz],CPU4 Frequency [kHz],CPU5 Frequency [kHz],CPU6 Frequency [kHz],CPU7 Frequency [kHz],CPU8 Frequency [kHz],GPU Load [%],Memory Usage [KB],Mobile Data State,Wi-Fi State
93086.06721470019,117030.72533849129,0.0,1156623.597678917,1164120.6963249515,1184360.5415860736,1192957.8336557061,1206526.4822134387,1235506.7193675889,1043402.371541502,1030636.1981799798,7.054400386847195,5368070.8152804645,0.0,3.0
