Battery Power* [uW] (Delta),Battery Power* [uW] (Raw),CPU Load (Normalized) [%],CPU1 Frequency [kHz],CPU2 Frequency [kHz],CPU3 Frequency [kHz],CPU4 Frequency [kHz],CPU5 Frequency [kHz],CPU6 Frequency [kHz],CPU7 Frequency [kHz],CPU8 Frequency [kHz],GPU Load [%],Memory Usage [KB],Mobile Data State,Wi-Fi State
45393.90425531915,96905.4574468085,0.0,1565843.4782608696,1571895.652173913,1577321.7391304346,1577321.7391304346,1582539.1304347827,1582539.1304347827,1889321.7391304348,1885982.608695652,4.489130434782609,5395952.638297873,0.0,3.0
