Battery Power* [uW] (Delta),Battery Power* [uW] (Raw),CPU Load (Normalized) [%],CPU1 Frequency [kHz],CPU2 Frequency [kHz],CPU3 Frequency [kHz],CPU4 Frequency [kHz],CPU5 Frequency [kHz],CPU6 Frequency [kHz],CPU7 Frequency [kHz],CPU8 Frequency [kHz],GPU Load [%],Memory Usage [KB],Mobile Data State,Wi-Fi State
47660.755319148935,90072.95744680852,0.0,1250388.8991674376,1255495.282146161,1261622.941720629,1256347.8260869565,1261565.2173913044,1280347.8260869565,1102121.7391304348,1102121.7391304348,5.456984273820536,5363428.5106382985,0.0,3.0
