Battery Power* [uW] (Delta),Battery Power* [uW] (Raw),CPU Load (Normalized) [%],CPU1 Frequency [kHz],CPU2 Frequency [kHz],CPU3 Frequency [kHz],CPU4 Frequency [kHz],CPU5 Frequency [kHz],CPU6 Frequency [kHz],CPU7 Frequency [kHz],CPU8 Frequency [kHz],GPU Load [%],Memory Usage [KB],Mobile Data State,Wi-Fi State
35519.467160037,118667.72155411655,0.0,1220727.4745605919,1227010.5457909345,1251965.2173913044,1273878.2608695652,1267826.0869565217,1320000.0,1142608.6956521738,1146151.884057971,7.0520351526364475,5353667.758556891,0.0,3.0
