Battery Power* [uW] (Delta),Battery Power* [uW] (Raw),Battery Remaining (%) [%],CPU Load [%],CPU1 Frequency [kHz],CPU2 Frequency [kHz],CPU3 Frequency [kHz],CPU4 Frequency [kHz],CPU5 Frequency [kHz],CPU6 Frequency [kHz],GPU Frequency [KHz],GPU Load [%],Memory Usage [KB],Mobile Data State,Wi-Fi State
105167.0425531915,112493.82978723405,11.0,0.0,1604221.2765957448,1600136.170212766,1600136.170212766,1604221.2765957448,1616068.085106383,1609940.425531915,357234.0425531915,3.8085106382978724,5447916.765957447,6.0,1.0
