Battery Power* [uW] (Delta),Battery Power* [uW] (Raw),CPU Load (Normalized) [%],CPU1 Frequency [kHz],CPU2 Frequency [kHz],CPU3 Frequency [kHz],CPU4 Frequency [kHz],CPU5 Frequency [kHz],CPU6 Frequency [kHz],CPU7 Frequency [kHz],CPU8 Frequency [kHz],GPU Load [%],Memory Usage [KB],Mobile Data State,Wi-Fi State
55523.184782608696,93491.84782608696,0.0,1412452.1739130435,1412452.1739130435,1422260.8695652173,1432278.2608695652,1431104.927536232,1450328.115942029,1326562.3188405796,1327397.1014492754,5.641304347826087,5449834.327536233,0.0,3.0
