Battery Power* [uW] (Delta),Battery Power* [uW] (Raw),CPU Load (Normalized) [%],CPU1 Frequency [kHz],CPU2 Frequency [kHz],CPU3 Frequency [kHz],CPU4 Frequency [kHz],CPU5 Frequency [kHz],CPU6 Frequency [kHz],CPU7 Frequency [kHz],CPU8 Frequency [kHz],GPU Load [%],Memory Usage [KB],Mobile Data State,Wi-Fi State
255575.75647548566,294410.4586031452,0.0,1374678.2608695652,1403060.8695652173,1414330.4347826089,1419547.8260869565,1421634.7826086958,1432904.347826087,1351865.507246377,1351865.507246377,12.858695652173914,5411467.801110083,0.0,3.0
