Battery Power* [uW] (Delta),Battery Power* [uW] (Raw),Battery Remaining (%) [%],CPU Load [%],CPU1 Frequency [kHz],CPU2 Frequency [kHz],CPU3 Frequency [kHz],CPU4 Frequency [kHz],CPU5 Frequency [kHz],CPU6 Frequency [kHz],GPU Frequency [KHz],GPU Load [%],Memory Usage [KB],Mobile Data State,Wi-Fi State
88396.57142857143,88396.57142857143,11.0,0.0,1780114.2857142857,1780114.2857142857,1780114.2857142857,1780114.2857142857,1780114.2857142857,1780114.2857142857,158860.46511627908,5.833333333333333,5356686.325581395,4.630434782608695,1.0
