Battery Power* [uW] (Delta),Battery Power* [uW] (Raw),CPU Load (Normalized) [%],CPU1 Frequency [kHz],CPU2 Frequency [kHz],CPU3 Frequency [kHz],CPU4 Frequency [kHz],CPU5 Frequency [kHz],CPU6 Frequency [kHz],CPU7 Frequency [kHz],CPU8 Frequency [kHz],GPU Load [%],Memory Usage [KB],Mobile Data State,Wi-Fi State
130907.38852913969,147742.95374653098,0.0,1361477.150786309,1358608.6956521738,1359860.8695652173,1369252.1739130435,1368208.6956521738,1391522.3188405796,1652489.2753623188,1652489.2753623188,5.8256244218316375,5401543.9740980575,0.0,3.0
