Battery Power* [uW] (Delta),Battery Power* [uW] (Raw),CPU1 Frequency [kHz],CPU2 Frequency [kHz],CPU3 Frequency [kHz],CPU4 Frequency [kHz],CPU5 Frequency [kHz],CPU6 Frequency [kHz],CPU7 Frequency [kHz],CPU8 Frequency [kHz],Memory Usage [KB]
0.0,0.0,743575.5102040817,752979.5918367347,756244.8979591837,763428.5714285715,768914.2857142857,831437.8378378379,814702.7027027027,814702.7027027027,5351624.217687075
