Battery Power* [uW] (Delta),Battery Power* [uW] (Raw),CPU Load (Normalized) [%],CPU1 Frequency [kHz],CPU2 Frequency [kHz],CPU3 Frequency [kHz],CPU4 Frequency [kHz],CPU5 Frequency [kHz],CPU6 Frequency [kHz],CPU7 Frequency [kHz],CPU8 Frequency [kHz],GPU Load [%],Memory Usage [KB],Mobile Data State,Wi-Fi State
79085.49306197965,95966.17067530064,0.0,1404313.0434782607,1423930.4347826086,1414747.8260869565,1414747.8260869565,1437495.652173913,1432278.2608695652,2177113.0434782607,2171478.2608695654,3.532608695652174,5329055.70212766,0.0,3.0
