Battery Power* [uW] (Delta),Battery Power* [uW] (Raw),Battery Remaining (%) [%],CPU Load [%],CPU1 Frequency [kHz],CPU2 Frequency [kHz],CPU3 Frequency [kHz],CPU4 Frequency [kHz],CPU5 Frequency [kHz],CPU6 Frequency [kHz],GPU Frequency [KHz],GPU Load [%],Memory Usage [KB],Mobile Data State,Wi-Fi State
60938.234042553195,123463.1914893617,11.0,0.0,1384442.5531914893,1417940.425531915,1428153.1914893617,1434689.3617021276,1456748.9361702127,1462059.574468085,385765.9574468085,4.0212765957446805,5449408.936170213,5.875,1.0
