Battery Power* [uW] (Delta),Battery Power* [uW] (Raw),CPU Load (Normalized) [%],CPU1 Frequency [kHz],CPU2 Frequency [kHz],CPU3 Frequency [kHz],CPU4 Frequency [kHz],CPU5 Frequency [kHz],CPU6 Frequency [kHz],CPU7 Frequency [kHz],CPU8 Frequency [kHz],GPU Load [%],Memory Usage [KB],Mobile Data State,Wi-Fi State
52848.3808973173,71319.4234505088,0.0,1280139.1304347827,1285356.5217391304,1290573.9130434783,1323547.8260869565,1330017.3913043477,1345460.8695652173,1084382.608695652,1063930.4347826089,4.326086956521738,5417667.838112858,0.0,3.0
