Battery Power* [uW] (Delta),Battery Power* [uW] (Raw),CPU Load (Normalized) [%],CPU1 Frequency [kHz],CPU2 Frequency [kHz],CPU3 Frequency [kHz],CPU4 Frequency [kHz],CPU5 Frequency [kHz],CPU6 Frequency [kHz],CPU7 Frequency [kHz],CPU8 Frequency [kHz],GPU Load [%],Memory Usage [KB],Mobile Data State,Wi-Fi State
67287.35291396854,122165.48797409805,0.0,1356694.9121184088,1368546.1609620722,1373039.7779833488,1377937.4653098984,1393012.1985815603,1421335.6028368794,1439968.2269503546,1439546.0992907803,4.755781683626272,5320142.147086032,0.0,3.0
