Battery Power* [uW] (Delta),Battery Power* [uW] (Raw),CPU Load (Normalized) [%],CPU1 Frequency [kHz],CPU2 Frequency [kHz],CPU3 Frequency [kHz],CPU4 Frequency [kHz],CPU5 Frequency [kHz],CPU6 Frequency [kHz],CPU7 Frequency [kHz],CPU8 Frequency [kHz],GPU Load [%],Memory Usage [KB],Mobile Data State,Wi-Fi State
12111.170212765957,70841.4019426457,0.0,1230616.0962072155,1243555.2266419982,1250859.574468085,1251880.8510638298,1266489.5467160037,1261054.184397163,940688.6956521738,942984.3478260869,4.302960222016651,5388342.147086032,0.0,3.0
