Battery Power* [uW] (Delta),Battery Power* [uW] (Raw),CPU Load (Normalized) [%],CPU1 Frequency [kHz],CPU2 Frequency [kHz],CPU3 Frequency [kHz],CPU4 Frequency [kHz],CPU5 Frequency [kHz],CPU6 Frequency [kHz],CPU7 Frequency [kHz],CPU8 Frequency [kHz],GPU Load [%],Memory Usage [KB],Mobile Data State,Wi-Fi State
1799.804347826087,76671.37294685989,0.0,1413597.6811594204,1421491.0144927534,1444415.072463768,1454358.2608695652,1454358.2608695652,1456918.2608695652,2029518.84057971,2028057.9710144927,3.3132850241545895,5333310.3885291405,0.0,3.0
