Battery Power* [uW] (Delta),Battery Power* [uW] (Raw),CPU Load (Normalized) [%],CPU1 Frequency [kHz],CPU2 Frequency [kHz],CPU3 Frequency [kHz],CPU4 Frequency [kHz],CPU5 Frequency [kHz],CPU6 Frequency [kHz],CPU7 Frequency [kHz],CPU8 Frequency [kHz],GPU Load [%],Memory Usage [KB],Mobile Data State,Wi-Fi State
48308.49444444444,120825.44082125604,0.0,1542344.347826087,1527568.6956521738,1540512.463768116,1545298.5507246377,1549403.95256917,1542962.8458498023,2076711.4624505928,2078172.3320158103,7.542028985507246,5354760.601418439,0.0,3.0
