Battery Power* [uW] (Delta),Battery Power* [uW] (Raw),CPU Load (Normalized) [%],CPU1 Frequency [kHz],CPU2 Frequency [kHz],CPU3 Frequency [kHz],CPU4 Frequency [kHz],CPU5 Frequency [kHz],CPU6 Frequency [kHz],CPU7 Frequency [kHz],CPU8 Frequency [kHz],GPU Load [%],Memory Usage [KB],Mobile Data State,Wi-Fi State
48324.9743293247,82313.61933395005,0.0,1418610.9158186864,1431625.5319148935,1437935.2451433858,1440643.8482886218,1442686.401480111,1447792.7844588344,1404166.5124884367,1402328.214616096,3.671600370027752,5301762.161887142,0.0,3.0
