Battery Power* [uW] (Delta),Battery Power* [uW] (Raw),CPU Load (Normalized) [%],CPU1 Frequency [kHz],CPU2 Frequency [kHz],CPU3 Frequency [kHz],CPU4 Frequency [kHz],CPU5 Frequency [kHz],CPU6 Frequency [kHz],CPU7 Frequency [kHz],CPU8 Frequency [kHz],GPU Load [%],Memory Usage [KB],Mobile Data State,Wi-Fi State
150859.85615171137,242221.02497687328,0.0,1390823.3117483812,1407527.8445883442,1413997.4098057356,1408780.0185013877,1403686.9565217393,1404730.4347826086,1325426.0869565217,1327721.7391304348,11.815448658649398,5442112.219241443,0.0,3.0
