Battery Power* [uW] (Delta),Battery Power* [uW] (Raw),CPU Load (Normalized) [%],CPU1 Frequency [kHz],CPU2 Frequency [kHz],CPU3 Frequency [kHz],CPU4 Frequency [kHz],CPU5 Frequency [kHz],CPU6 Frequency [kHz],CPU7 Frequency [kHz],CPU8 Frequency [kHz],GPU Load [%],Memory Usage [KB],Mobile Data State,Wi-Fi State
74684.3152173913,119604.15217391305,0.0,1253426.0869565217,1273688.115942029,1284354.7826086958,1284354.7826086958,1314648.115942029,1329604.6376811594,1551865.507246377,1551865.507246377,7.304347826086957,5353445.712303422,0.0,3.0
