Battery Power* [uW] (Delta),Battery Power* [uW] (Raw),CPU Load (Normalized) [%],CPU1 Frequency [kHz],CPU2 Frequency [kHz],CPU3 Frequency [kHz],CPU4 Frequency [kHz],CPU5 Frequency [kHz],CPU6 Frequency [kHz],CPU7 Frequency [kHz],CPU8 Frequency [kHz],GPU Load [%],Memory Usage [KB],Mobile Data State,Wi-Fi State
4337.597826086957,85615.2879227053,0.0,1478618.1818181816,1479111.4624505928,1484423.7154150198,1475686.9565217393,1473018.1818181816,1494826.6666666665,2087393.9393939395,2086739.393939394,3.1121541501976284,5349880.675362319,0.0,3.0
