Battery Power* [uW] (Delta),Battery Power* [uW] (Raw),CPU Load (Normalized) [%],CPU1 Frequency [kHz],CPU2 Frequency [kHz],CPU3 Frequency [kHz],CPU4 Frequency [kHz],CPU5 Frequency [kHz],CPU6 Frequency [kHz],CPU7 Frequency [kHz],CPU8 Frequency [kHz],GPU Load [%],Memory Usage [KB],Mobile Data State,Wi-Fi State
93878.41073080481,114878.61563367254,0.0,1447095.652173913,1438539.1304347827,1456695.652173913,1459826.0869565217,1465043.4782608696,1490295.652173913,1846539.1304347827,1837982.6086956523,4.861239592969472,5402881.854764108,0.0,3.0
