Battery Power* [uW] (Delta),Battery Power* [uW] (Raw),CPU Load (Normalized) [%],CPU1 Frequency [kHz],CPU2 Frequency [kHz],CPU3 Frequency [kHz],CPU4 Frequency [kHz],CPU5 Frequency [kHz],CPU6 Frequency [kHz],CPU7 Frequency [kHz],CPU8 Frequency [kHz],GPU Load [%],Memory Usage [KB],Mobile Data State,Wi-Fi State
40397.453094777564,77091.64627659574,0.0,1212540.7114624507,1212958.1027667983,1226589.7233201582,1237498.814229249,1259364.4268774705,1270036.3636363638,903348.6166007905,903348.6166007905,4.640316205533597,5335344.617021277,0.0,3.0
