Battery Power* [uW] (Delta),Battery Power* [uW] (Raw),Battery Remaining (%) [%],CPU Load [%],CPU1 Frequency [kHz],CPU2 Frequency [kHz],CPU3 Frequency [kHz],CPU4 Frequency [kHz],CPU5 Frequency [kHz],CPU6 Frequency [kHz],GPU Frequency [KHz],GPU Load [%],Memory Usage [KB],Mobile Data State,Wi-Fi State
93014.30827067669,103725.09022556391,30.0,0.0,1802634.5864661655,1802634.5864661655,1802634.5864661655,1802634.5864661655,1802634.5864661655,1802634.5864661655,288819.54887218046,4.609022556390977,5439719.729323308,5.733333333333333,1.0
