Battery Power* [uW] (Delta),Battery Power* [uW] (Raw),CPU Load (Normalized) [%],CPU1 Frequency [kHz],CPU2 Frequency [kHz],CPU3 Frequency [kHz],CPU4 Frequency [kHz],CPU5 Frequency [kHz],CPU6 Frequency [kHz],CPU7 Frequency [kHz],CPU8 Frequency [kHz],GPU Load [%],Memory Usage [KB],Mobile Data State,Wi-Fi State
78027.67206290472,123262.41258094358,0.0,1338920.2590194265,1348808.88066605,1360247.1785383904,1387266.6049953746,1394570.9528214615,1398855.8741905643,1606725.6244218317,1606876.5957446808,3.375809435707678,5393565.128584644,0.0,3.0
