Battery Power* [uW] (Delta),Battery Power* [uW] (Raw),Battery Remaining (%) [%],CPU Load [%],CPU1 Frequency [kHz],CPU2 Frequency [kHz],CPU3 Frequency [kHz],CPU4 Frequency [kHz],CPU5 Frequency [kHz],CPU6 Frequency [kHz],GPU Frequency [KHz],GPU Load [%],Memory Usage [KB],Mobile Data State,Wi-Fi State
3419.021739130435,128404.17391304347,11.0,0.0,1553947.8260869565,1566052.1739130435,1613634.7826086956,1625739.1304347827,1640347.8260869565,1643269.5652173914,341173.9130434783,3.9782608695652173,5447258.0869565215,6.0,1.0
