Battery Power* [uW] (Delta),Battery Power* [uW] (Raw),CPU Load (Normalized) [%],CPU1 Frequency [kHz],CPU2 Frequency [kHz],CPU3 Frequency [kHz],CPU4 Frequency [kHz],CPU5 Frequency [kHz],CPU6 Frequency [kHz],CPU7 Frequency [kHz],CPU8 Frequency [kHz],GPU Load [%],Memory Usage [KB],Mobile Data State,Wi-Fi State
26312.900966183573,90436.4309178744,0.0,1392064.927536232,1396118.2608695652,1401335.652173913,1415383.1884057971,1415383.1884057971,1428739.7101449275,1272464.8221343872,1275955.7312252964,5.460144927536232,5445778.645410628,0.0,3.0
