Battery Power* [uW] (Delta),Battery Power* [uW] (Raw),Battery Remaining (%) [%],CPU Load [%],CPU1 Frequency [kHz],CPU2 Frequency [kHz],CPU3 Frequency [kHz],CPU4 Frequency [kHz],CPU5 Frequency [kHz],CPU6 Frequency [kHz],GPU Frequency [KHz],GPU Load [%],Memory Usage [KB],Mobile Data State,Wi-Fi State
61674.545454545456,81833.68181818182,11.0,0.0,1772945.4545454546,1772945.4545454546,1772945.4545454546,1772945.4545454546,1772945.4545454546,1772945.4545454546,411522.7272727273,2.659090909090909,5450294.545454546,6.0,1.0
