Battery Power* [uW] (Delta),Battery Power* [uW] (Raw),CPU Load (Normalized) [%],CPU1 Frequency [kHz],CPU2 Frequency [kHz],CPU3 Frequency [kHz],CPU4 Frequency [kHz],CPU5 Frequency [kHz],CPU6 Frequency [kHz],CPU7 Frequency [kHz],CPU8 Frequency [kHz],GPU Load [%],Memory Usage [KB],Mobile Data State,Wi-Fi State
12428.936046511628,70091.92256871036,0.0,1121302.3255813953,1141425.7928118394,1149239.7463002114,1162457.505285412,1173544.1860465116,1173544.1860465116,919905.2854122622,919905.2854122622,4.275898520084566,5333546.477777777,0.0,3.0
